UnixTime, MatchID
13355591931882, 1422119
13355660540203, 1422120
13355675838873, 1422121
13355746420892, 1422122
13355762293129, 1422123
13355847304982, 1422124
13355934000598, 1422125
13356020506091, 1422126
13356106638350, 1422127
13356193270918, 1422128
13356279128377, 1422129
13356351717079, 1422130
13356365568773, 1422131
13356452264769, 1422132
13356538316416, 1422133
13356624808818, 1422134
13356711045386, 1422135
13356797736319, 1422136
13356884088695, 1422137
13356956453495, 1422138
13356971326479, 1422139
13357056748206, 1426260
13357143151566, 1426261
13357231079698, 1426262
13357317264164, 1426263
13357402278170, 1426264
13357489086329, 1426265
13357561406759, 1426266
13357575378192, 1426267
13357661911469, 1426268
13357747943024, 1426269
13357834945190, 1426270
13357920906790, 1426271
13358007270696, 1426272
13358093935881, 1426273
13358166039978, 1426274
13358182425314, 1426275
13358267055186, 1426276
13358353227966, 1426277
13358439145017, 1426278
13358526650756, 1426279
13358611900107, 1426280
13358685027280, 1426281
13358700875995, 1426282
13358770262970, 1426283
13358784682298, 1426284
13358871361232, 1426285
13358958038782, 1426286
13359043884485, 1426287
13359130659470, 1426288
13359216783013, 1426289
13359303164745, 1426290
13359375248956, 1426291
13359390300259, 1426292
13359476423536, 1426293
13359563126421, 1426294
13359648773987, 1426295
13359735331306, 1426296
13359822009003, 1426297
13359915067744, 1426298
13359979958575, 1426299
13359994743280, 1426300
13360167404538, 1426302
13360253861046, 1426303
13360426545302, 1426305
13360512676253, 1426306
13360584665347, 1426307
13360772774180, 1426309
13360858673800, 1426310
13361031078612, 1426311
13361203979587, 1426312